{
    "time": 339.928048425,
    "answered": 1,
    "unanswered": 999,
    "throughput": 0.002941799020802589,
    "latency": {
        "avg": 39897.140965,
        "median": 39897.140965,
        "min": 39897.140965,
        "max": 39897.140965,
        "p95": 39897.140965
    },
    "duration": {
        "avg": 39912.444524,
        "median": 39912.444524,
        "min": 39912.444524,
        "max": 39912.444524,
        "p95": 39912.444524
    }
}