{
    "time": 2424.200232317,
    "answered": 1000000,
    "unanswered": 0,
    "throughput": 412.507179344761,
    "latency": {
        "avg": 2422.875645508334,
        "median": 2416.1482305,
        "min": 84.064391,
        "max": 15655.903005,
        "p95": 2538.74438865
    },
    "duration": {
        "avg": 2423.000465241288,
        "median": 2416.254989,
        "min": 84.39267,
        "max": 15656.942529,
        "p95": 2538.8668506
    }
}