{
    "time": 2098.6058541410002,
    "answered": 1000000,
    "unanswered": 0,
    "throughput": 476.50681905169813,
    "latency": {
        "avg": 20.74045040064563,
        "median": 20.113035,
        "min": 2.894632,
        "max": 120.612776,
        "p95": 30.479130499999986
    },
    "duration": {
        "avg": 20.848751969417787,
        "median": 20.2202485,
        "min": 2.984931,
        "max": 120.868575,
        "p95": 30.599924999999992
    }
}