{
    "time": 2135.732601461,
    "answered": 1000000,
    "unanswered": 0,
    "throughput": 468.22340929567946,       
    "latency": {
        "avg": 21.14188383088385,
        "median": 20.6765755,
        "min": 3.518868,
        "max": 185.886776,
        "p95": 29.207363949999976
    },
    "duration": {
        "avg": 21.217485656097942,
        "median": 20.751815,
        "min": 3.577677,
        "max": 185.944486,
        "p95": 29.281407050000002
    }
}