{
    "time": 352.16620816600005,
    "answered": 35,
    "unanswered": 965,
    "throughput": 0.09938489039670184,
    "latency": {
        "avg": 32763.06456234286,
        "median": 33260.95213,
        "min": 9859.032117,
        "max": 58722.199674,
        "p95": 55811.894880299995
    },
    "duration": {
        "avg": 32764.51822794286,
        "median": 33265.721852,
        "min": 9859.347395,
        "max": 58722.390173,
        "p95": 55813.2008235
    }
}