{
    "time": 351.842721386,
    "answered": 31,
    "unanswered": 969,
    "throughput": 0.08810754952634216,
    "latency": {
        "avg": 30720.71642748387,
        "median": 30194.968039,
        "min": 9502.087895,
        "max": 56376.469068,
        "p95": 53987.6324855
    },
    "duration": {
        "avg": 30721.672295161297,
        "median": 30200.011149,
        "min": 9503.326767,
        "max": 56377.877191,
        "p95": 53987.7711495
    }
}