{
    "time": 2231.9035396890004,
    "answered": 1000000,
    "unanswered": 0,
    "throughput": 448.04803712052126,        
    "latency": {
        "avg": 2230.501433622597,
        "median": 2220.981311,
        "min": 165.046691,
        "max": 3356.914101,
        "p95": 2346.050285
    },
    "duration": {
        "avg": 2230.668418983138,
        "median": 2221.133428,
        "min": 165.782006,
        "max": 3392.493069,
        "p95": 2346.2242994499998
    }
}