{
    "time": 2133.520192803,
    "answered": 1000000,
    "unanswered": 0,
    "throughput": 468.7089456070293,
    "latency": {
        "avg": 21.11854005784567,
        "median": 20.629497,
        "min": 3.471618,
        "max": 207.51173,
        "p95": 29.2090805
    },
    "duration": {
        "avg": 21.194581216438472,
        "median": 20.7068955,
        "min": 3.527638,
        "max": 207.58642,
        "p95": 29.285261449999997
    }
}