{
    "time": 301.20306307799996,
    "answered": 279,
    "unanswered": 721,
    "throughput": 0.9262854007820955,
    "latency": {
        "avg": 10721.36248826882,
        "median": 8730.243256,
        "min": 3834.887785,
        "max": 45861.683145,
        "p95": 23272.634299699996
    },
    "duration": {
        "avg": 10721.482632845877,
        "median": 8730.345335,
        "min": 3835.021763,
        "max": 45861.801134,
        "p95": 23272.736856699994
    }
}