{
    "time": 301.10192297900005,
    "answered": 274,
    "unanswered": 726,
    "throughput": 0.9099908671759289,
    "latency": {
        "avg": 10910.293001054752,
        "median": 9086.4067235,
        "min": 4017.13303,
        "max": 37022.412371,
        "p95": 23580.136603849984
    },
    "duration": {
        "avg": 10910.422600109483,
        "median": 9086.618052,
        "min": 4017.25315,
        "max": 37022.52312,
        "p95": 23580.242477849984
    }
}