{
    "time": 303.250457803,
    "answered": 171,
    "unanswered": 829,
    "throughput": 0.5638903276152228,
    "latency": {
        "avg": 17591.703333929825,
        "median": 14306.991378,
        "min": 6234.698478,
        "max": 53298.599198,
        "p95": 38244.714301500004
    },
    "duration": {
        "avg": 17591.836968263153,
        "median": 14307.104736,
        "min": 6234.814777,
        "max": 53298.706587,
        "p95": 38244.8300505
    }
}