{
    "time": 27.497678841000003,
    "answered": 10000,
    "unanswered": 0,
    "throughput": 363.6670592388202,
    "latency": {
        "avg": 2646.4949829655866,
        "median": 2126.5299055,
        "min": 113.851972,
        "max": 21840.934947,
        "p95": 2639.120921199998
    },
    "duration": {
        "avg": 2647.566837740699,
        "median": 2127.0927469999997,
        "min": 118.961596,
        "max": 21841.018507,
        "p95": 2641.935614699996
    }
}