{
    "time": 24.972118751000004,
    "answered": 10000,
    "unanswered": 0,
    "throughput": 400.4465980524601,
    "latency": {
        "avg": 2399.5589227999913,
        "median": 2408.689986,
        "min": 68.387895,
        "max": 3416.870645,
        "p95": 2806.369711449999
    },
    "duration": {
        "avg": 2401.3694002796947,
        "median": 2408.9383545,
        "min": 80.783669,
        "max": 3433.107883,
        "p95": 2816.2914656499993
    }
}