{
    "time": 2139.097486703,
    "answered": 1000000,
    "unanswered": 0,
    "throughput": 467.48687529024414,       
    "latency": {
        "avg": 213.62430326389395,
        "median": 210.403393,
        "min": 25.283591,
        "max": 670.376314,
        "p95": 252.54560629999997
    },
    "duration": {
        "avg": 213.75823823724576,
        "median": 210.54895199999999,       
        "min": 25.32917,
        "max": 670.564642,
        "p95": 252.68037905
    }
}