{
    "time": 2236.865056992,
    "answered": 1000000,
    "unanswered": 0,
    "throughput": 447.0542364074206,        
    "latency": {
        "avg": 223.44454278258718,
        "median": 219.7046995,
        "min": 33.087095,
        "max": 4008.323534,
        "p95": 263.70760375
    },
    "duration": {
        "avg": 223.52963947238203,
        "median": 219.78994699999998,       
        "min": 37.953826,
        "max": 4008.550503,
        "p95": 263.7955954
    }
}