{
    "time": 217.624276671,
    "answered": 100000,
    "unanswered": 0,
    "throughput": 459.50755830048314,
    "latency": {
        "avg": 217.2575606740002,
        "median": 213.14312,
        "min": 124.72868,
        "max": 684.587705,
        "p95": 259.88478395
    },
    "duration": {
        "avg": 217.39493254023554,
        "median": 213.2832645,
        "min": 124.78159,
        "max": 684.745934,
        "p95": 260.01839349999995
    }
}