{
    "time": 235.661008071,
    "answered": 100000,
    "unanswered": 0,
    "throughput": 424.3383358942094,
    "latency": {
        "avg": 235.32590587670154,
        "median": 229.77071999999998,
        "min": 64.072074,
        "max": 2039.866015,
        "p95": 281.30704499999985
    },
    "duration": {
        "avg": 235.41722602301562,
        "median": 229.858117,
        "min": 64.373412,
        "max": 2040.196541,
        "p95": 281.41857575
    }
}